neuron_id,method,x,y,cluster,d1,d2,d3,d4,d5,v,u,energy,spike_counter,io_role
0,tsne,-19.910633087158203,-11.81588077545166,,0.0,0.0,0.0,0.0,0.0,-65.0,-13.0,1.0,0,input
131585,tsne,-20.40912628173828,-10.842391967773438,,1.0,2.0,2.0,0.0,0.0,-65.0,-13.0,1.0,0,internal
263936,tsne,2.3833141326904297,21.716012954711914,,0.0,7.0,4.0,0.0,0.0,-65.0,-13.0,1.0,0,input
458760,tsne,-28.014501571655273,1.7911591529846191,,8.0,0.0,7.0,0.0,0.0,-65.0,-13.0,1.0,0,internal
590340,tsne,-26.369508743286133,4.882511615753174,,4.0,2.0,9.0,0.0,0.0,-65.0,-13.0,1.0,0,internal
16779013,tsne,7.022241592407227,-2.391065835952759,,5.0,7.0,0.0,1.0,0.0,-65.0,-13.0,1.0,0,internal
16908801,tsne,-19.960817337036133,-10.719218254089355,,1.0,2.0,2.0,1.0,0.0,-65.0,-13.0,1.0,0,internal
17040131,tsne,-20.783878326416016,-9.76447868347168,,3.0,3.0,4.0,1.0,0.0,-65.0,-13.0,1.0,0,internal
17171207,tsne,-28.14625358581543,2.9634850025177,,7.0,3.0,6.0,1.0,0.0,-65.0,-13.0,1.0,0,internal
17367814,tsne,-27.508304595947266,4.264459133148193,,6.0,3.0,9.0,1.0,0.0,-65.0,-13.0,1.0,0,internal
33620231,tsne,-12.380253791809082,-12.410301208496094,,7.0,1.0,1.0,2.0,0.0,-65.0,-13.0,1.0,0,internal
33752073,tsne,-8.78001594543457,-12.00744915008545,,9.0,4.0,3.0,2.0,0.0,-65.0,-13.0,1.0,0,output
33882115,tsne,-23.997461318969727,1.7589669227600098,,3.0,0.0,5.0,2.0,0.0,-65.0,-13.0,1.0,0,internal
33949705,tsne,6.261557579040527,2.777904510498047,,9.0,8.0,6.0,2.0,0.0,-65.0,-13.0,1.0,0,output
34080003,tsne,2.9955153465270996,17.535173416137695,,3.0,5.0,8.0,2.0,0.0,-65.0,-13.0,1.0,0,internal
50331650,tsne,-18.46303939819336,-12.173086166381836,,2.0,0.0,0.0,3.0,0.0,-65.0,-13.0,1.0,0,internal
50398983,tsne,6.80930757522583,-3.934948205947876,,7.0,7.0,1.0,3.0,0.0,-65.0,-13.0,1.0,0,internal
50530048,tsne,8.153775215148926,-9.93137264251709,,0.0,7.0,3.0,3.0,0.0,-65.0,-13.0,1.0,0,input
50725888,tsne,-13.129717826843262,-3.0876917839050293,,0.0,4.0,6.0,3.0,0.0,-65.0,-13.0,1.0,0,input
50858240,tsne,5.638010025024414,22.108781814575195,,0.0,9.0,8.0,3.0,0.0,-65.0,-13.0,1.0,0,input
67110657,tsne,9.073701858520508,-9.377005577087402,,1.0,7.0,0.0,4.0,0.0,-65.0,-13.0,1.0,0,internal
67240712,tsne,-9.591944694519043,-11.981880187988281,,8.0,3.0,2.0,4.0,0.0,-65.0,-13.0,1.0,0,internal
67436548,tsne,-23.671157836914062,1.443421721458435,,4.0,0.0,5.0,4.0,0.0,-65.0,-13.0,1.0,0,internal
67504388,tsne,5.740635871887207,17.78559112548828,,4.0,9.0,6.0,4.0,0.0,-65.0,-13.0,1.0,0,internal
67635456,tsne,6.374899387359619,22.29316520690918,,0.0,9.0,8.0,4.0,0.0,-65.0,-13.0,1.0,0,input
83886087,tsne,-10.631022453308105,-13.631300926208496,,7.0,0.0,0.0,5.0,0.0,-65.0,-13.0,1.0,0,internal
84018182,tsne,2.6086037158966064,-5.24155855178833,,6.0,4.0,2.0,5.0,0.0,-65.0,-13.0,1.0,0,internal
84149769,tsne,1.347426414489746,-1.6191442012786865,,9.0,6.0,4.0,5.0,0.0,-65.0,-13.0,1.0,0,output
84345608,tsne,-1.4084142446517944,-0.775580883026123,,8.0,3.0,7.0,5.0,0.0,-65.0,-13.0,1.0,0,internal
84476677,tsne,-8.118946075439453,0.8071210980415344,,5.0,3.0,9.0,5.0,0.0,-65.0,-13.0,1.0,0,internal
100665347,tsne,9.767759323120117,-8.851442337036133,,3.0,8.0,0.0,6.0,0.0,-65.0,-13.0,1.0,0,internal
100795904,tsne,9.224809646606445,-10.620616912841797,,0.0,6.0,2.0,6.0,0.0,-65.0,-13.0,1.0,0,input
100862209,tsne,10.520098686218262,-10.308664321899414,,1.0,9.0,3.0,6.0,0.0,-65.0,-13.0,1.0,0,internal
101123841,tsne,8.718732833862305,22.101831436157227,,1.0,7.0,7.0,6.0,0.0,-65.0,-13.0,1.0,0,internal
101255169,tsne,7.799435138702393,22.48389434814453,,1.0,8.0,9.0,6.0,0.0,-65.0,-13.0,1.0,0,internal
117508353,tsne,10.345318794250488,-9.963433265686035,,1.0,9.0,1.0,7.0,0.0,-65.0,-13.0,1.0,0,internal
117702663,tsne,-6.357579231262207,-12.076685905456543,,7.0,0.0,4.0,7.0,0.0,-65.0,-13.0,1.0,0,internal
117835778,tsne,9.787922859191895,21.653846740722656,,2.0,8.0,6.0,7.0,0.0,-65.0,-13.0,1.0,0,internal
117966336,tsne,8.72458553314209,22.951658248901367,,0.0,6.0,8.0,7.0,0.0,-65.0,-13.0,1.0,0,input
134217988,tsne,-9.362480163574219,-18.80156135559082,,4.0,1.0,0.0,8.0,0.0,-65.0,-13.0,1.0,0,internal
134350343,tsne,4.670902729034424,-7.201074123382568,,7.0,6.0,2.0,8.0,0.0,-65.0,-13.0,1.0,0,internal
134546181,tsne,-3.600105047225952,-2.7777605056762695,,5.0,3.0,5.0,8.0,0.0,-65.0,-13.0,1.0,0,internal
134676996,tsne,-5.404417991638184,-1.3246541023254395,,4.0,2.0,7.0,8.0,0.0,-65.0,-13.0,1.0,0,internal
134808064,tsne,-10.836716651916504,0.5825000405311584,,0.0,2.0,9.0,8.0,0.0,-65.0,-13.0,1.0,0,input
151060737,tsne,-11.316865921020508,-19.674896240234375,,1.0,1.0,1.0,9.0,0.0,-65.0,-13.0,1.0,0,internal
151192064,tsne,-12.164485931396484,-19.876909255981445,,0.0,2.0,3.0,9.0,0.0,-65.0,-13.0,1.0,0,input
151388420,tsne,-5.333601474761963,-2.029529333114624,,4.0,1.0,6.0,9.0,0.0,-65.0,-13.0,1.0,0,internal
151519750,tsne,-4.322957992553711,-0.2949923276901245,,6.0,2.0,8.0,9.0,0.0,-65.0,-13.0,1.0,0,internal
4294969350,tsne,7.634697437286377,-1.6184340715408325,,6.0,8.0,0.0,0.0,1.0,-65.0,-13.0,1.0,0,internal
4295099656,tsne,5.313521385192871,-0.25750038027763367,,8.0,5.0,2.0,0.0,1.0,-65.0,-13.0,1.0,0,internal
4295166215,tsne,7.708441734313965,0.4046206772327423,,7.0,9.0,3.0,0.0,1.0,-65.0,-13.0,1.0,0,internal
4295295489,tsne,-21.71932029724121,-9.26633358001709,,1.0,2.0,5.0,0.0,1.0,-65.0,-13.0,1.0,0,internal
4295362819,tsne,3.8568975925445557,19.93414306640625,,3.0,9.0,6.0,0.0,1.0,-65.0,-13.0,1.0,0,internal
4295493632,tsne,3.948612928390503,21.566370010375977,,0.0,8.0,8.0,0.0,1.0,-65.0,-13.0,1.0,0,input
4311746052,tsne,6.275097370147705,-2.3840858936309814,,4.0,6.0,0.0,1.0,1.0,-65.0,-13.0,1.0,0,internal
4311941639,tsne,-13.23238468170166,-11.862138748168945,,7.0,2.0,3.0,1.0,1.0,-65.0,-13.0,1.0,0,internal
4312137984,tsne,-22.323741912841797,-8.713808059692383,,0.0,1.0,6.0,1.0,1.0,-65.0,-13.0,1.0,0,input
4312205569,tsne,4.3574628829956055,20.908010482788086,,1.0,9.0,7.0,1.0,1.0,-65.0,-13.0,1.0,0,internal
4328521733,tsne,-15.792191505432129,-12.033490180969238,,5.0,0.0,0.0,2.0,1.0,-65.0,-13.0,1.0,0,internal
4328653316,tsne,-17.174379348754883,-10.989992141723633,,4.0,2.0,2.0,2.0,1.0,-65.0,-13.0,1.0,0,internal
4328783879,tsne,-11.790756225585938,-10.61722183227539,,7.0,0.0,4.0,2.0,1.0,-65.0,-13.0,1.0,0,internal
4328916740,tsne,4.804011344909668,17.071388244628906,,4.0,7.0,6.0,2.0,1.0,-65.0,-13.0,1.0,0,internal
4329046531,tsne,-24.901771545410156,4.628926753997803,,3.0,2.0,8.0,2.0,1.0,-65.0,-13.0,1.0,0,internal
4329112327,tsne,-28.077320098876953,4.244678974151611,,7.0,3.0,9.0,2.0,1.0,-65.0,-13.0,1.0,0,internal
4345364995,tsne,-17.579221725463867,-11.528424263000488,,3.0,2.0,1.0,3.0,1.0,-65.0,-13.0,1.0,0,internal
4345495808,tsne,-19.075820922851562,-10.150362968444824,,0.0,1.0,3.0,3.0,1.0,-65.0,-13.0,1.0,0,input
4345628677,tsne,5.520931243896484,16.55637550354004,,5.0,8.0,5.0,3.0,1.0,-65.0,-13.0,1.0,0,internal
4345825283,tsne,5.90177583694458,19.013622283935547,,3.0,8.0,8.0,3.0,1.0,-65.0,-13.0,1.0,0,internal
4362077702,tsne,6.094974040985107,-4.583088397979736,,6.0,6.0,0.0,4.0,1.0,-65.0,-13.0,1.0,0,internal
4362143751,tsne,7.333532810211182,-4.538174152374268,,7.0,8.0,1.0,4.0,1.0,-65.0,-13.0,1.0,0,internal
4362338568,tsne,-8.63223648071289,-10.686249732971191,,8.0,1.0,4.0,4.0,1.0,-65.0,-13.0,1.0,0,internal
4362406152,tsne,6.735827922821045,3.014611005783081,,8.0,9.0,5.0,4.0,1.0,-65.0,-13.0,1.0,0,internal
4362536708,tsne,6.551372528076172,17.731904983520508,,4.0,7.0,7.0,4.0,1.0,-65.0,-13.0,1.0,0,internal
4362667781,tsne,7.092850685119629,16.988449096679688,,5.0,7.0,9.0,4.0,1.0,-65.0,-13.0,1.0,0,internal
4378919432,tsne,-9.859729766845703,-12.783610343933105,,8.0,2.0,1.0,5.0,1.0,-65.0,-13.0,1.0,0,internal
4379049984,tsne,-14.45761775970459,-17.627696990966797,,0.0,0.0,3.0,5.0,1.0,-65.0,-13.0,1.0,0,input
4379182337,tsne,-11.841299057006836,-3.2873146533966064,,1.0,5.0,5.0,5.0,1.0,-65.0,-13.0,1.0,0,internal
4379313667,tsne,7.065452575683594,18.70494842529297,,3.0,6.0,7.0,5.0,1.0,-65.0,-13.0,1.0,0,internal
4379443714,tsne,-9.662803649902344,0.9086293578147888,,2.0,2.0,9.0,5.0,1.0,-65.0,-13.0,1.0,0,internal
4395762176,tsne,-13.672531127929688,-18.27900505065918,,0.0,2.0,2.0,6.0,1.0,-65.0,-13.0,1.0,0,input
4395893765,tsne,-1.99258291721344,-3.9284658432006836,,5.0,4.0,4.0,6.0,1.0,-65.0,-13.0,1.0,0,internal
4396024840,tsne,-0.8892214298248291,-0.5608593225479126,,8.0,4.0,6.0,6.0,1.0,-65.0,-13.0,1.0,0,internal
4396221443,tsne,-8.92735767364502,0.4690265953540802,,3.0,4.0,9.0,6.0,1.0,-65.0,-13.0,1.0,0,internal
4412410119,tsne,7.2934651374816895,-6.7624311447143555,,7.0,9.0,0.0,7.0,1.0,-65.0,-13.0,1.0,0,internal
4412605188,tsne,-3.405548334121704,-4.473806381225586,,4.0,3.0,3.0,7.0,1.0,-65.0,-13.0,1.0,0,internal
4412736518,tsne,-2.198225498199463,-2.8015592098236084,,6.0,4.0,5.0,7.0,1.0,-65.0,-13.0,1.0,0,internal
4412803075,tsne,9.981463432312012,21.045753479003906,,3.0,8.0,6.0,7.0,1.0,-65.0,-13.0,1.0,0,internal
4412933639,tsne,-0.2982199490070343,3.013643503189087,,7.0,6.0,8.0,7.0,1.0,-65.0,-13.0,1.0,0,internal
4429185284,tsne,-9.271029472351074,-18.487024307250977,,4.0,1.0,0.0,8.0,1.0,-65.0,-13.0,1.0,0,internal
4429251843,tsne,8.41879653930664,-12.177993774414062,,3.0,5.0,1.0,8.0,1.0,-65.0,-13.0,1.0,0,internal
4429383426,tsne,10.324686050415039,-11.867958068847656,,2.0,7.0,3.0,8.0,1.0,-65.0,-13.0,1.0,0,internal
4429579528,tsne,-0.2991108298301697,0.7017616629600525,,8.0,5.0,6.0,8.0,1.0,-65.0,-13.0,1.0,0,internal
4429709573,tsne,-5.456281661987305,-0.12049303203821182,,5.0,1.0,8.0,8.0,1.0,-65.0,-13.0,1.0,0,internal
4429776901,tsne,9.899555206298828,14.282997131347656,,5.0,8.0,9.0,8.0,1.0,-65.0,-13.0,1.0,0,internal
4446093314,tsne,-10.891932487487793,-19.068288803100586,,2.0,0.0,2.0,9.0,1.0,-65.0,-13.0,1.0,0,internal
4446160129,tsne,9.862561225891113,-12.74819278717041,,1.0,5.0,3.0,9.0,1.0,-65.0,-13.0,1.0,0,internal
4446290948,tsne,-4.0743632316589355,-3.0246050357818604,,4.0,4.0,5.0,9.0,1.0,-65.0,-13.0,1.0,0,internal
4446356489,tsne,-0.4843681752681732,1.2426036596298218,,9.0,4.0,6.0,9.0,1.0,-65.0,-13.0,1.0,0,output
4446487303,tsne,-3.459365129470825,0.3913484811782837,,7.0,3.0,8.0,9.0,1.0,-65.0,-13.0,1.0,0,internal
8589934854,tsne,-14.901249885559082,-11.169472694396973,,6.0,1.0,0.0,0.0,2.0,-65.0,-13.0,1.0,0,internal
8590065927,tsne,-13.791862487792969,-11.137703895568848,,7.0,1.0,2.0,0.0,2.0,-65.0,-13.0,1.0,0,internal
8590131974,tsne,-14.017915725708008,-12.192867279052734,,6.0,3.0,3.0,0.0,2.0,-65.0,-13.0,1.0,0,internal
8590264072,tsne,4.837190628051758,10.432463645935059,,8.0,7.0,5.0,0.0,2.0,-65.0,-13.0,1.0,0,internal
8590459140,tsne,-25.457914352416992,5.396452903747559,,4.0,1.0,8.0,0.0,2.0,-65.0,-13.0,1.0,0,internal
8606713347,tsne,5.729410171508789,-2.378908395767212,,3.0,6.0,0.0,1.0,2.0,-65.0,-13.0,1.0,0,internal
8606910727,tsne,7.958706378936768,0.7728277444839478,,7.0,9.0,3.0,1.0,2.0,-65.0,-13.0,1.0,0,internal
8607105032,tsne,-27.857393264770508,1.1462591886520386,,8.0,0.0,6.0,1.0,2.0,-65.0,-13.0,1.0,0,internal
8607236610,tsne,-24.42860984802246,5.5392889976501465,,2.0,2.0,8.0,1.0,2.0,-65.0,-13.0,1.0,0,internal
8607302915,tsne,1.8855262994766235,17.219099044799805,,3.0,5.0,9.0,1.0,2.0,-65.0,-13.0,1.0,0,internal
8623620103,tsne,-12.503994941711426,-11.026934623718262,,7.0,0.0,2.0,2.0,2.0,-65.0,-13.0,1.0,0,internal
8623687689,tsne,7.144467353820801,1.479380488395691,,9.0,8.0,3.0,2.0,2.0,-65.0,-13.0,1.0,0,output
8623882244,tsne,-23.597583770751953,2.990797519683838,,4.0,0.0,6.0,2.0,2.0,-65.0,-13.0,1.0,0,internal
8623950080,tsne,5.0227861404418945,21.373798370361328,,0.0,9.0,7.0,2.0,2.0,-65.0,-13.0,1.0,0,input
8640266756,tsne,-16.89542579650879,-11.795992851257324,,4.0,2.0,0.0,3.0,2.0,-65.0,-13.0,1.0,0,internal
8640398598,tsne,4.462133407592773,-4.4191975593566895,,6.0,5.0,2.0,3.0,2.0,-65.0,-13.0,1.0,0,internal
8640594945,tsne,-12.68313217163086,-3.6181068420410156,,1.0,4.0,5.0,3.0,2.0,-65.0,-13.0,1.0,0,internal
8640724996,tsne,-23.723230361938477,3.291249990463257,,4.0,0.0,7.0,3.0,2.0,-65.0,-13.0,1.0,0,internal
8640792577,tsne,6.068748950958252,20.732271194458008,,1.0,8.0,8.0,3.0,2.0,-65.0,-13.0,1.0,0,internal
8657043463,tsne,-11.187369346618652,-13.090136528015137,,7.0,0.0,0.0,4.0,2.0,-65.0,-13.0,1.0,0,internal
8657110021,tsne,3.9460811614990234,-4.757870674133301,,5.0,4.0,1.0,4.0,2.0,-65.0,-13.0,1.0,0,internal
8657240583,tsne,-9.127734184265137,-10.149738311767578,,7.0,2.0,3.0,4.0,2.0,-65.0,-13.0,1.0,0,internal
8657306368,tsne,-12.769887924194336,-4.243058681488037,,0.0,3.0,4.0,4.0,2.0,-65.0,-13.0,1.0,0,input
8657437957,tsne,5.15869665145874,15.20152759552002,,5.0,5.0,6.0,4.0,2.0,-65.0,-13.0,1.0,0,internal
8657569537,tsne,6.995421409606934,20.684736251831055,,1.0,7.0,8.0,4.0,2.0,-65.0,-13.0,1.0,0,internal
8673822981,tsne,8.996687889099121,-5.569704055786133,,5.0,9.0,0.0,5.0,2.0,-65.0,-13.0,1.0,0,internal
8674017797,tsne,-8.47421932220459,-7.682657718658447,,5.0,2.0,3.0,5.0,2.0,-65.0,-13.0,1.0,0,internal
8674148869,tsne,-8.151711463928223,-6.760734558105469,,5.0,2.0,5.0,5.0,2.0,-65.0,-13.0,1.0,0,internal
8674214402,tsne,-10.780916213989258,-2.1293752193450928,,2.0,2.0,6.0,5.0,2.0,-65.0,-13.0,1.0,0,internal
8674281217,tsne,7.651540279388428,21.039552688598633,,1.0,7.0,7.0,5.0,2.0,-65.0,-13.0,1.0,0,internal
8690598144,tsne,-13.201593399047852,-18.58658790588379,,0.0,1.0,0.0,6.0,2.0,-65.0,-13.0,1.0,0,input
8690664964,tsne,9.150117874145508,-7.464919090270996,,4.0,6.0,1.0,6.0,2.0,-65.0,-13.0,1.0,0,internal
8690860040,tsne,-7.03689432144165,-11.903586387634277,,8.0,0.0,4.0,6.0,2.0,-65.0,-13.0,1.0,0,internal
8690925832,tsne,-6.931658744812012,-11.038859367370605,,8.0,1.0,5.0,6.0,2.0,-65.0,-13.0,1.0,0,internal
8691057667,tsne,-9.216071128845215,-0.7845280170440674,,3.0,4.0,7.0,6.0,2.0,-65.0,-13.0,1.0,0,internal
8691187718,tsne,-5.393499851226807,1.2457329034805298,,6.0,0.0,9.0,6.0,2.0,-65.0,-13.0,1.0,0,internal
8707377416,tsne,7.01554536819458,-7.0986762046813965,,8.0,9.0,0.0,7.0,2.0,-65.0,-13.0,1.0,0,internal
8707573253,tsne,0.5946433544158936,-4.594914436340332,,5.0,6.0,3.0,7.0,2.0,-65.0,-13.0,1.0,0,internal
8707768832,tsne,-11.54555892944336,-0.948920726776123,,0.0,2.0,6.0,7.0,2.0,-65.0,-13.0,1.0,0,input
8707899395,tsne,-7.121580600738525,-0.30712899565696716,,3.0,0.0,8.0,7.0,2.0,-65.0,-13.0,1.0,0,internal
8707965447,tsne,-4.541773319244385,1.3971327543258667,,7.0,2.0,9.0,7.0,2.0,-65.0,-13.0,1.0,0,internal
8724154120,tsne,6.109797954559326,-7.64232873916626,,8.0,7.0,0.0,8.0,2.0,-65.0,-13.0,1.0,0,internal
8724283394,tsne,-11.371262550354004,-18.425888061523438,,2.0,0.0,2.0,8.0,2.0,-65.0,-13.0,1.0,0,internal
8724414724,tsne,-5.5153913497924805,-4.628429889678955,,4.0,1.0,4.0,8.0,2.0,-65.0,-13.0,1.0,0,internal
8724611337,tsne,-2.8026413917541504,2.0826516151428223,,9.0,1.0,7.0,8.0,2.0,-65.0,-13.0,1.0,0,output
8724742152,tsne,-3.873046875,1.8077062368392944,,8.0,0.0,9.0,8.0,2.0,-65.0,-13.0,1.0,0,internal
8740931074,tsne,8.700837135314941,-12.677714347839355,,2.0,6.0,0.0,9.0,2.0,-65.0,-13.0,1.0,0,internal
8741062916,tsne,13.085648536682129,-10.37546443939209,,4.0,9.0,2.0,9.0,2.0,-65.0,-13.0,1.0,0,internal
8741258505,tsne,0.5485762357711792,1.2543690204620361,,9.0,5.0,5.0,9.0,2.0,-65.0,-13.0,1.0,0,output
8741454083,tsne,-6.537572860717773,-0.6302441358566284,,3.0,1.0,8.0,9.0,2.0,-65.0,-13.0,1.0,0,internal
8741521417,tsne,0.95055091381073,5.750955581665039,,9.0,8.0,9.0,9.0,2.0,-65.0,-13.0,1.0,0,output
12885098504,tsne,-13.32374095916748,-10.300249099731445,,8.0,0.0,3.0,0.0,3.0,-65.0,-13.0,1.0,0,internal
12885296387,tsne,0.640053391456604,17.299440383911133,,3.0,5.0,6.0,0.0,3.0,-65.0,-13.0,1.0,0,internal
12885426947,tsne,-24.618370056152344,6.4801506996154785,,3.0,3.0,8.0,0.0,3.0,-65.0,-13.0,1.0,0,internal
12901744642,tsne,-18.15279769897461,-8.480937004089355,,2.0,0.0,1.0,1.0,3.0,-65.0,-13.0,1.0,0,internal
12901876736,tsne,-15.656064987182617,-3.598129987716675,,0.0,4.0,3.0,1.0,3.0,-65.0,-13.0,1.0,0,input
12902008071,tsne,3.5304369926452637,11.590822219848633,,7.0,5.0,5.0,1.0,3.0,-65.0,-13.0,1.0,0,internal
12902139653,tsne,3.1873979568481445,14.765042304992676,,5.0,7.0,7.0,1.0,3.0,-65.0,-13.0,1.0,0,internal
12902270469,tsne,1.666304111480713,15.524405479431152,,5.0,6.0,9.0,1.0,3.0,-65.0,-13.0,1.0,0,internal
12918458374,tsne,8.975654602050781,-2.4417829513549805,,6.0,8.0,0.0,2.0,3.0,-65.0,-13.0,1.0,0,internal
12918588675,tsne,4.301499843597412,-2.6141138076782227,,3.0,5.0,2.0,2.0,3.0,-65.0,-13.0,1.0,0,internal
12918719241,tsne,-5.2440690994262695,-9.193039894104004,,9.0,3.0,4.0,2.0,3.0,-65.0,-13.0,1.0,0,output
12918851334,tsne,4.51534366607666,13.327007293701172,,6.0,7.0,6.0,2.0,3.0,-65.0,-13.0,1.0,0,internal
12919047173,tsne,0.6156126856803894,15.233131408691406,,5.0,4.0,9.0,2.0,3.0,-65.0,-13.0,1.0,0,internal
12935301380,tsne,9.823634147644043,-4.244540691375732,,4.0,9.0,1.0,3.0,3.0,-65.0,-13.0,1.0,0,internal
12935497475,tsne,6.834238052368164,13.982946395874023,,3.0,7.0,4.0,3.0,3.0,-65.0,-13.0,1.0,0,internal
12935626754,tsne,-22.366817474365234,3.5964608192443848,,2.0,0.0,6.0,3.0,3.0,-65.0,-13.0,1.0,0,internal
12935758599,tsne,-2.8856372833251953,11.319204330444336,,7.0,3.0,8.0,3.0,3.0,-65.0,-13.0,1.0,0,internal
12952013058,tsne,10.915239334106445,-6.225675582885742,,2.0,9.0,0.0,4.0,3.0,-65.0,-13.0,1.0,0,internal
12952207367,tsne,-10.35229206085205,-10.119278907775879,,7.0,0.0,3.0,4.0,3.0,-65.0,-13.0,1.0,0,internal
12952273411,tsne,-10.200671195983887,-5.480388641357422,,3.0,2.0,4.0,4.0,3.0,-65.0,-13.0,1.0,0,internal
12952339465,tsne,-4.653074264526367,-8.531654357910156,,9.0,4.0,5.0,4.0,3.0,-65.0,-13.0,1.0,0,output
12952471556,tsne,8.425638198852539,17.546619415283203,,4.0,8.0,7.0,4.0,3.0,-65.0,-13.0,1.0,0,internal
12952602884,tsne,9.50342082977295,17.057384490966797,,4.0,9.0,9.0,4.0,3.0,-65.0,-13.0,1.0,0,internal
12968855813,tsne,9.675088882446289,-5.30388069152832,,5.0,9.0,1.0,5.0,3.0,-65.0,-13.0,1.0,0,internal
12968986625,tsne,11.552997589111328,-7.803840637207031,,1.0,8.0,3.0,5.0,3.0,-65.0,-13.0,1.0,0,internal
12969116674,tsne,-10.621357917785645,-3.3426175117492676,,2.0,4.0,5.0,5.0,3.0,-65.0,-13.0,1.0,0,internal
12969183491,tsne,8.765767097473145,18.365154266357422,,3.0,9.0,6.0,5.0,3.0,-65.0,-13.0,1.0,0,internal
12969378307,tsne,-9.369537353515625,1.63111412525177,,3.0,2.0,9.0,5.0,3.0,-65.0,-13.0,1.0,0,internal
12985696263,tsne,-6.965703964233398,-13.963895797729492,,7.0,0.0,2.0,6.0,3.0,-65.0,-13.0,1.0,0,internal
12985828613,tsne,-0.3110104203224182,-4.275081157684326,,5.0,5.0,4.0,6.0,3.0,-65.0,-13.0,1.0,0,internal
12986024963,tsne,-9.268007278442383,-1.0973927974700928,,3.0,4.0,7.0,6.0,3.0,-65.0,-13.0,1.0,0,internal
12986156801,tsne,8.343198776245117,20.6700382232666,,1.0,7.0,9.0,6.0,3.0,-65.0,-13.0,1.0,0,internal
13002408453,tsne,-5.8930864334106445,-16.90178871154785,,5.0,2.0,1.0,7.0,3.0,-65.0,-13.0,1.0,0,internal
13002539015,tsne,-6.164770603179932,-13.728182792663574,,7.0,0.0,3.0,7.0,3.0,-65.0,-13.0,1.0,0,internal
13002606855,tsne,14.608187675476074,-10.000328063964844,,7.0,9.0,4.0,7.0,3.0,-65.0,-13.0,1.0,0,internal
13002801152,tsne,-11.946427345275879,-0.24246203899383545,,0.0,0.0,7.0,7.0,3.0,-65.0,-13.0,1.0,0,input
13002868997,tsne,10.865965843200684,14.337125778198242,,5.0,9.0,8.0,7.0,3.0,-65.0,-13.0,1.0,0,internal
13019185154,tsne,-10.948979377746582,-18.142475128173828,,2.0,0.0,1.0,8.0,3.0,-65.0,-13.0,1.0,0,internal
13019316231,tsne,-5.724541187286377,-14.201004028320312,,7.0,0.0,3.0,8.0,3.0,-65.0,-13.0,1.0,0,internal
13019382273,tsne,-12.150568008422852,-16.90696144104004,,1.0,2.0,4.0,8.0,3.0,-65.0,-13.0,1.0,0,internal
13019513097,tsne,-2.5287442207336426,2.587747812271118,,9.0,1.0,6.0,8.0,3.0,-65.0,-13.0,1.0,0,output
13019578886,tsne,-5.246828079223633,2.9777801036834717,,6.0,2.0,7.0,8.0,3.0,-65.0,-13.0,1.0,0,internal
13019709448,tsne,-3.9015355110168457,2.3466835021972656,,8.0,0.0,9.0,8.0,3.0,-65.0,-13.0,1.0,0,internal
13035963656,tsne,5.261410236358643,-8.36762523651123,,8.0,5.0,1.0,9.0,3.0,-65.0,-13.0,1.0,0,internal
13036095750,tsne,14.020049095153809,-9.995808601379395,,6.0,9.0,3.0,9.0,3.0,-65.0,-13.0,1.0,0,internal
13036226049,tsne,10.762459754943848,-13.69495964050293,,1.0,6.0,5.0,9.0,3.0,-65.0,-13.0,1.0,0,internal
13036356612,tsne,-6.886746883392334,1.9555789232254028,,4.0,4.0,7.0,9.0,3.0,-65.0,-13.0,1.0,0,internal
13036487945,tsne,-0.1676885485649109,5.143992900848389,,9.0,5.0,9.0,9.0,3.0,-65.0,-13.0,1.0,0,output
17179936256,tsne,-16.513280868530273,-3.1978166103363037,,0.0,6.0,1.0,0.0,4.0,-65.0,-13.0,1.0,0,input
17180002310,tsne,9.470065116882324,-0.22308751940727234,,6.0,8.0,2.0,0.0,4.0,-65.0,-13.0,1.0,0,internal
17180132617,tsne,3.3148248195648193,10.645195007324219,,9.0,5.0,4.0,0.0,4.0,-65.0,-13.0,1.0,0,output
17180264711,tsne,7.629087448120117,10.039715766906738,,7.0,9.0,6.0,0.0,4.0,-65.0,-13.0,1.0,0,internal
17180394505,tsne,-2.8797481060028076,13.333267211914062,,9.0,4.0,8.0,0.0,4.0,-65.0,-13.0,1.0,0,output
17196646656,tsne,-18.927827835083008,-5.644992828369141,,0.0,1.0,0.0,1.0,4.0,-65.0,-13.0,1.0,0,input
17196712198,tsne,-14.730085372924805,-9.935321807861328,,6.0,1.0,1.0,1.0,4.0,-65.0,-13.0,1.0,0,internal
17196974083,tsne,-21.744524002075195,4.553995132446289,,3.0,0.0,5.0,1.0,4.0,-65.0,-13.0,1.0,0,internal
17197105665,tsne,-22.847496032714844,6.697129726409912,,1.0,2.0,7.0,1.0,4.0,-65.0,-13.0,1.0,0,internal
17197237761,tsne,1.8987698554992676,18.896821975708008,,1.0,6.0,9.0,1.0,4.0,-65.0,-13.0,1.0,0,internal
17213554948,tsne,-15.551006317138672,-8.781014442443848,,4.0,1.0,2.0,2.0,4.0,-65.0,-13.0,1.0,0,internal
17213685765,tsne,-13.649147987365723,-8.189209938049316,,5.0,0.0,4.0,2.0,4.0,-65.0,-13.0,1.0,0,internal
17213753350,tsne,6.732260227203369,11.0000638961792,,6.0,8.0,5.0,2.0,4.0,-65.0,-13.0,1.0,0,internal
17213949445,tsne,1.9929242134094238,14.922612190246582,,5.0,6.0,8.0,2.0,4.0,-65.0,-13.0,1.0,0,internal
17214015752,tsne,6.742523670196533,8.601152420043945,,8.0,9.0,9.0,2.0,4.0,-65.0,-13.0,1.0,0,internal
17230268165,tsne,10.210227012634277,-3.221567153930664,,5.0,7.0,1.0,3.0,4.0,-65.0,-13.0,1.0,0,internal
17230397446,tsne,-12.519452095031738,-8.821395874023438,,6.0,0.0,3.0,3.0,4.0,-65.0,-13.0,1.0,0,internal
17230529286,tsne,-5.751290798187256,-7.270514488220215,,6.0,3.0,5.0,3.0,4.0,-65.0,-13.0,1.0,0,internal
17230660096,tsne,-22.521587371826172,6.086068153381348,,0.0,2.0,7.0,3.0,4.0,-65.0,-13.0,1.0,0,input
17230792963,tsne,10.250028610229492,17.451099395751953,,3.0,9.0,9.0,3.0,4.0,-65.0,-13.0,1.0,0,internal
17247045632,tsne,11.689818382263184,-6.857566833496094,,0.0,8.0,1.0,4.0,4.0,-65.0,-13.0,1.0,0,input
17247110916,tsne,11.307037353515625,-3.838482618331909,,4.0,7.0,2.0,4.0,4.0,-65.0,-13.0,1.0,0,internal
17247240968,tsne,-4.095344543457031,-8.81589412689209,,8.0,3.0,4.0,4.0,4.0,-65.0,-13.0,1.0,0,internal
17247373577,tsne,7.006349563598633,6.713222026824951,,9.0,9.0,6.0,4.0,4.0,-65.0,-13.0,1.0,0,output
17247504129,tsne,7.734350681304932,20.043766021728516,,1.0,7.0,8.0,4.0,4.0,-65.0,-13.0,1.0,0,internal
17263757060,tsne,11.061193466186523,-4.962110996246338,,4.0,7.0,0.0,5.0,4.0,-65.0,-13.0,1.0,0,internal
17263952643,tsne,-10.0764799118042,-5.695079803466797,,3.0,3.0,3.0,5.0,4.0,-65.0,-13.0,1.0,0,internal
17264084742,tsne,8.691422462463379,4.519802570343018,,6.0,7.0,5.0,5.0,4.0,-65.0,-13.0,1.0,0,internal
17264214791,tsne,-3.426518678665161,6.600672721862793,,7.0,3.0,7.0,5.0,4.0,-65.0,-13.0,1.0,0,internal
17264280584,tsne,-2.6038026809692383,6.743376731872559,,8.0,4.0,8.0,5.0,4.0,-65.0,-13.0,1.0,0,internal
17264347400,tsne,5.61837911605835,7.873589038848877,,8.0,9.0,9.0,5.0,4.0,-65.0,-13.0,1.0,0,internal
17280729345,tsne,-12.95253849029541,-16.750211715698242,,1.0,1.0,3.0,6.0,4.0,-65.0,-13.0,1.0,0,internal
17280860164,tsne,-7.771721839904785,-5.153280735015869,,4.0,0.0,5.0,6.0,4.0,-65.0,-13.0,1.0,0,internal
17280927240,tsne,3.1309502124786377,4.626117706298828,,8.0,6.0,6.0,6.0,4.0,-65.0,-13.0,1.0,0,internal
17281057801,tsne,-2.0838334560394287,6.091886043548584,,9.0,4.0,8.0,6.0,4.0,-65.0,-13.0,1.0,0,output
17297311237,tsne,13.979909896850586,-7.306938648223877,,5.0,6.0,0.0,7.0,4.0,-65.0,-13.0,1.0,0,internal
17297442566,tsne,14.552316665649414,-7.926043510437012,,6.0,7.0,2.0,7.0,4.0,-65.0,-13.0,1.0,0,internal
17297508612,tsne,13.55653190612793,-8.911040306091309,,4.0,9.0,3.0,7.0,4.0,-65.0,-13.0,1.0,0,internal
17297703938,tsne,-9.286534309387207,-2.050814628601074,,2.0,4.0,6.0,7.0,4.0,-65.0,-13.0,1.0,0,internal
17297770249,tsne,2.747737169265747,5.386842727661133,,9.0,7.0,7.0,7.0,4.0,-65.0,-13.0,1.0,0,output
17297900291,tsne,-8.736493110656738,2.3910934925079346,,3.0,3.0,9.0,7.0,4.0,-65.0,-13.0,1.0,0,internal
17314087429,tsne,-5.361076831817627,-17.204395294189453,,5.0,2.0,0.0,8.0,4.0,-65.0,-13.0,1.0,0,internal
17314217991,tsne,-5.254690647125244,-14.978200912475586,,7.0,0.0,2.0,8.0,4.0,-65.0,-13.0,1.0,0,internal
17314285825,tsne,12.864154815673828,-13.124655723571777,,1.0,9.0,3.0,8.0,4.0,-65.0,-13.0,1.0,0,internal
17314415625,tsne,1.247748613357544,2.0785913467407227,,9.0,4.0,5.0,8.0,4.0,-65.0,-13.0,1.0,0,output
17314547464,tsne,2.2206504344940186,5.383261680603027,,8.0,7.0,7.0,8.0,4.0,-65.0,-13.0,1.0,0,internal
17330865156,tsne,6.354593753814697,-13.366955757141113,,4.0,4.0,0.0,9.0,4.0,-65.0,-13.0,1.0,0,internal
17330996992,tsne,12.103779792785645,-14.305593490600586,,0.0,7.0,2.0,9.0,4.0,-65.0,-13.0,1.0,0,input
17331062529,tsne,11.758456230163574,-13.774313926696777,,1.0,7.0,3.0,9.0,4.0,-65.0,-13.0,1.0,0,internal
17331127561,tsne,1.7693203687667847,1.7455469369888306,,9.0,5.0,4.0,9.0,4.0,-65.0,-13.0,1.0,0,output
17331257863,tsne,-4.546017646789551,3.6893980503082275,,7.0,2.0,6.0,9.0,4.0,-65.0,-13.0,1.0,0,internal
17331388681,tsne,-3.1835482120513916,3.304687023162842,,9.0,1.0,8.0,9.0,4.0,-65.0,-13.0,1.0,0,output
17331455241,tsne,-0.18256951868534088,5.578970432281494,,9.0,5.0,9.0,9.0,4.0,-65.0,-13.0,1.0,0,output
21474838790,tsne,10.449909210205078,-0.41662371158599854,,6.0,9.0,0.0,0.0,5.0,-65.0,-13.0,1.0,0,internal
21475034118,tsne,-13.553958892822266,2.6655092239379883,,6.0,4.0,3.0,0.0,5.0,-65.0,-13.0,1.0,0,internal
21475165703,tsne,4.139756202697754,11.26958179473877,,7.0,6.0,5.0,0.0,5.0,-65.0,-13.0,1.0,0,internal
21475295489,tsne,-22.086563110351562,7.206592082977295,,1.0,1.0,7.0,0.0,5.0,-65.0,-13.0,1.0,0,internal
21475362054,tsne,-1.045597791671753,14.237034797668457,,6.0,5.0,8.0,0.0,5.0,-65.0,-13.0,1.0,0,internal
21491680260,tsne,-16.537460327148438,-5.351820945739746,,4.0,4.0,1.0,1.0,5.0,-65.0,-13.0,1.0,0,internal
21491746049,tsne,-16.783615112304688,-3.7182044982910156,,1.0,5.0,2.0,1.0,5.0,-65.0,-13.0,1.0,0,internal
21491941382,tsne,-13.391524314880371,-7.328830242156982,,6.0,0.0,5.0,1.0,5.0,-65.0,-13.0,1.0,0,internal
21492073223,tsne,-4.372518539428711,12.19137954711914,,7.0,3.0,7.0,1.0,5.0,-65.0,-13.0,1.0,0,internal
21508457731,tsne,-16.549957275390625,-5.005506992340088,,3.0,5.0,1.0,2.0,5.0,-65.0,-13.0,1.0,0,internal
21508653062,tsne,-13.075956344604492,-7.921091079711914,,6.0,0.0,4.0,2.0,5.0,-65.0,-13.0,1.0,0,internal
21508849668,tsne,-20.8818416595459,5.925386905670166,,4.0,0.0,7.0,2.0,5.0,-65.0,-13.0,1.0,0,internal
21508917508,tsne,11.035846710205078,17.125606536865234,,4.0,9.0,8.0,2.0,5.0,-65.0,-13.0,1.0,0,internal
21525168905,tsne,-0.7664111852645874,-10.711788177490234,,9.0,3.0,0.0,3.0,5.0,-65.0,-13.0,1.0,0,output
21525299975,tsne,-2.2299964427948,-10.010832786560059,,7.0,3.0,2.0,3.0,5.0,-65.0,-13.0,1.0,0,internal
21525432069,tsne,11.032673835754395,4.102144718170166,,5.0,7.0,4.0,3.0,5.0,-65.0,-13.0,1.0,0,internal
21525629192,tsne,7.567407131195068,7.806520462036133,,8.0,9.0,7.0,3.0,5.0,-65.0,-13.0,1.0,0,internal
21525759241,tsne,-3.7738189697265625,13.569618225097656,,9.0,5.0,9.0,3.0,5.0,-65.0,-13.0,1.0,0,output
21542012930,tsne,12.031173706054688,-5.580709934234619,,2.0,8.0,1.0,4.0,5.0,-65.0,-13.0,1.0,0,internal
21542143241,tsne,0.17353656888008118,-8.829977035522461,,9.0,5.0,3.0,4.0,5.0,-65.0,-13.0,1.0,0,output
21542273025,tsne,-21.114038467407227,3.173762559890747,,1.0,0.0,5.0,4.0,5.0,-65.0,-13.0,1.0,0,internal
21542340873,tsne,7.460324287414551,6.870297431945801,,9.0,9.0,6.0,4.0,5.0,-65.0,-13.0,1.0,0,output
21542471684,tsne,11.0366792678833,16.418575286865234,,4.0,8.0,8.0,4.0,5.0,-65.0,-13.0,1.0,0,internal
21558723589,tsne,-4.158986568450928,-19.18248176574707,,5.0,4.0,0.0,5.0,5.0,-65.0,-13.0,1.0,0,internal
21558855683,tsne,12.692954063415527,-4.81532096862793,,3.0,8.0,2.0,5.0,5.0,-65.0,-13.0,1.0,0,internal
21558986499,tsne,13.440231323242188,-3.3161706924438477,,3.0,7.0,4.0,5.0,5.0,-65.0,-13.0,1.0,0,internal
21559247104,tsne,-18.486740112304688,12.65334701538086,,0.0,1.0,8.0,5.0,5.0,-65.0,-13.0,1.0,0,input
21559314185,tsne,4.474542140960693,7.531846523284912,,9.0,7.0,9.0,5.0,5.0,-65.0,-13.0,1.0,0,output
21575567619,tsne,12.922614097595215,-5.826319694519043,,3.0,9.0,1.0,6.0,5.0,-65.0,-13.0,1.0,0,internal
21575697929,tsne,1.2755659818649292,-8.092430114746094,,9.0,6.0,3.0,6.0,5.0,-65.0,-13.0,1.0,0,output
21575764233,tsne,6.721273899078369,5.313137054443359,,9.0,9.0,4.0,6.0,5.0,-65.0,-13.0,1.0,0,output
21576024832,tsne,-18.075746536254883,13.508395195007324,,0.0,3.0,8.0,6.0,5.0,-65.0,-13.0,1.0,0,input
21576091910,tsne,12.357133865356445,14.554420471191406,,6.0,9.0,9.0,6.0,5.0,-65.0,-13.0,1.0,0,internal
21592408838,tsne,-3.6137328147888184,-16.402006149291992,,6.0,3.0,2.0,7.0,5.0,-65.0,-13.0,1.0,0,internal
21592540417,tsne,9.960824012756348,-15.449892044067383,,1.0,5.0,4.0,7.0,5.0,-65.0,-13.0,1.0,0,internal
21592736005,tsne,-6.301240921020508,4.077432155609131,,5.0,1.0,7.0,7.0,5.0,-65.0,-13.0,1.0,0,internal
21592802057,tsne,-2.4537363052368164,5.429366588592529,,9.0,3.0,8.0,7.0,5.0,-65.0,-13.0,1.0,0,output
21592868102,tsne,-1.8332542181015015,8.055949211120605,,6.0,5.0,9.0,7.0,5.0,-65.0,-13.0,1.0,0,internal
21609056264,tsne,16.26202964782715,-7.018345355987549,,8.0,8.0,0.0,8.0,5.0,-65.0,-13.0,1.0,0,internal
21609187584,tsne,13.16128158569336,-14.025614738464355,,0.0,9.0,2.0,8.0,5.0,-65.0,-13.0,1.0,0,input
21609317895,tsne,2.8348989486694336,2.703709602355957,,7.0,6.0,4.0,8.0,5.0,-65.0,-13.0,1.0,0,internal
21609513734,tsne,-5.330223560333252,4.475612163543701,,6.0,3.0,7.0,8.0,5.0,-65.0,-13.0,1.0,0,internal
21609645829,tsne,12.21795654296875,13.37185001373291,,5.0,7.0,9.0,8.0,5.0,-65.0,-13.0,1.0,0,internal
21625899012,tsne,15.61562728881836,-8.942562103271484,,4.0,8.0,1.0,9.0,5.0,-65.0,-13.0,1.0,0,internal
21626093573,tsne,0.5446382164955139,-17.544347763061523,,5.0,0.0,4.0,9.0,5.0,-65.0,-13.0,1.0,0,internal
21626225408,tsne,-16.977153778076172,14.971322059631348,,0.0,3.0,6.0,9.0,5.0,-65.0,-13.0,1.0,0,input
21626357765,tsne,12.640820503234863,13.164615631103516,,5.0,8.0,8.0,9.0,5.0,-65.0,-13.0,1.0,0,internal
21626423305,tsne,1.4584590196609497,6.736215114593506,,9.0,8.0,9.0,9.0,5.0,-65.0,-13.0,1.0,0,output
25769870081,tsne,-18.395750045776367,-3.301187753677368,,1.0,3.0,1.0,0.0,6.0,-65.0,-13.0,1.0,0,internal
25770001414,tsne,-13.854586601257324,2.8447306156158447,,6.0,4.0,3.0,0.0,6.0,-65.0,-13.0,1.0,0,internal
25770133507,tsne,13.864697456359863,7.187829494476318,,3.0,8.0,5.0,0.0,6.0,-65.0,-13.0,1.0,0,internal
25770262788,tsne,-20.163976669311523,7.7362213134765625,,4.0,1.0,7.0,0.0,6.0,-65.0,-13.0,1.0,0,internal
25770393860,tsne,-20.195384979248047,8.57557487487793,,4.0,1.0,9.0,0.0,6.0,-65.0,-13.0,1.0,0,internal
25786646529,tsne,-19.416135787963867,-4.053182125091553,,1.0,0.0,1.0,1.0,6.0,-65.0,-13.0,1.0,0,internal
25786910984,tsne,9.476707458496094,8.514917373657227,,8.0,9.0,5.0,1.0,6.0,-65.0,-13.0,1.0,0,internal
25786976521,tsne,8.877019882202148,8.627378463745117,,9.0,9.0,6.0,1.0,6.0,-65.0,-13.0,1.0,0,output
25787171588,tsne,-19.823373794555664,9.30615520477295,,4.0,3.0,9.0,1.0,6.0,-65.0,-13.0,1.0,0,internal
25803424256,tsne,-20.002166748046875,-3.54123854637146,,0.0,2.0,1.0,2.0,6.0,-65.0,-13.0,1.0,0,input
25803490313,tsne,-1.2767912149429321,-10.83165454864502,,9.0,4.0,2.0,2.0,6.0,-65.0,-13.0,1.0,0,output
25803621125,tsne,-14.586618423461914,3.9686667919158936,,5.0,3.0,4.0,2.0,6.0,-65.0,-13.0,1.0,0,internal
25803752198,tsne,-8.431400299072266,10.171940803527832,,6.0,3.0,6.0,2.0,6.0,-65.0,-13.0,1.0,0,internal
25803882761,tsne,-5.751981735229492,12.659692764282227,,9.0,1.0,8.0,2.0,6.0,-65.0,-13.0,1.0,0,output
25820135683,tsne,-20.392120361328125,-5.248497486114502,,3.0,1.0,0.0,3.0,6.0,-65.0,-13.0,1.0,0,internal
25820267009,tsne,-21.19381332397461,-3.8806099891662598,,1.0,2.0,2.0,3.0,6.0,-65.0,-13.0,1.0,0,internal
25820399111,tsne,10.553479194641113,5.170097351074219,,7.0,6.0,4.0,3.0,6.0,-65.0,-13.0,1.0,0,internal
25820464645,tsne,11.382262229919434,4.561225414276123,,5.0,6.0,5.0,3.0,6.0,-65.0,-13.0,1.0,0,internal
25820595203,tsne,-9.326244354248047,12.688379287719727,,3.0,4.0,7.0,3.0,6.0,-65.0,-13.0,1.0,0,internal
25836913155,tsne,-20.89112091064453,-5.519556522369385,,3.0,2.0,0.0,4.0,6.0,-65.0,-13.0,1.0,0,internal
25837044489,tsne,-0.9214515089988708,-9.960784912109375,,9.0,3.0,2.0,4.0,6.0,-65.0,-13.0,1.0,0,output
25837175552,tsne,-22.376678466796875,-3.087592601776123,,0.0,3.0,4.0,4.0,6.0,-65.0,-13.0,1.0,0,input
25837240840,tsne,-2.7413136959075928,-8.204448699951172,,8.0,2.0,5.0,4.0,6.0,-65.0,-13.0,1.0,0,internal
25837307911,tsne,8.799473762512207,6.622470855712891,,7.0,8.0,6.0,4.0,6.0,-65.0,-13.0,1.0,0,internal
25837504516,tsne,11.893754005432129,16.261558532714844,,4.0,8.0,9.0,4.0,6.0,-65.0,-13.0,1.0,0,internal
25853756161,tsne,-22.20142936706543,-4.7497100830078125,,1.0,3.0,1.0,5.0,6.0,-65.0,-13.0,1.0,0,internal
25853822468,tsne,15.996063232421875,-1.8197712898254395,,4.0,6.0,2.0,5.0,6.0,-65.0,-13.0,1.0,0,internal
25853953030,tsne,-0.8622000813484192,-7.122439861297607,,6.0,4.0,4.0,5.0,6.0,-65.0,-13.0,1.0,0,internal
25854083846,tsne,-7.4501519203186035,8.564582824707031,,6.0,3.0,6.0,5.0,6.0,-65.0,-13.0,1.0,0,internal
25854280963,tsne,-10.16782283782959,13.763729095458984,,3.0,5.0,9.0,5.0,6.0,-65.0,-13.0,1.0,0,internal
25870532613,tsne,-2.1353702545166016,-18.335556030273438,,5.0,0.0,1.0,6.0,6.0,-65.0,-13.0,1.0,0,internal
25870663943,tsne,-2.1125969886779785,-16.70384407043457,,7.0,1.0,3.0,6.0,6.0,-65.0,-13.0,1.0,0,internal
25870860297,tsne,-2.9155261516571045,-7.058095932006836,,9.0,0.0,6.0,6.0,6.0,-65.0,-13.0,1.0,0,output
25870992897,tsne,20.173389434814453,13.041196823120117,,1.0,6.0,8.0,6.0,6.0,-65.0,-13.0,1.0,0,internal
25887244808,tsne,-3.3832693099975586,-17.24762725830078,,8.0,2.0,0.0,7.0,6.0,-65.0,-13.0,1.0,0,internal
25887376897,tsne,10.559283256530762,-16.29543113708496,,1.0,6.0,2.0,7.0,6.0,-65.0,-13.0,1.0,0,internal
25887508482,tsne,14.46156120300293,-3.824101209640503,,2.0,8.0,4.0,7.0,6.0,-65.0,-13.0,1.0,0,internal
25887639558,tsne,14.344781875610352,12.202431678771973,,6.0,8.0,6.0,7.0,6.0,-65.0,-13.0,1.0,0,internal
25887769088,tsne,-17.41800880432129,13.564386367797852,,0.0,2.0,8.0,7.0,6.0,-65.0,-13.0,1.0,0,input
25887836421,tsne,13.216733932495117,14.121306419372559,,5.0,9.0,9.0,7.0,6.0,-65.0,-13.0,1.0,0,internal
25904088839,tsne,16.788434982299805,-6.92657470703125,,7.0,7.0,1.0,8.0,6.0,-65.0,-13.0,1.0,0,internal
25904218631,tsne,-2.317951202392578,-15.996400833129883,,7.0,2.0,3.0,8.0,6.0,-65.0,-13.0,1.0,0,internal
25904416007,tsne,2.005504846572876,3.7286264896392822,,7.0,5.0,6.0,8.0,6.0,-65.0,-13.0,1.0,0,internal
25904547586,tsne,19.968074798583984,12.242715835571289,,2.0,7.0,8.0,8.0,6.0,-65.0,-13.0,1.0,0,internal
25920800768,tsne,12.880322456359863,-15.375303268432617,,0.0,8.0,0.0,9.0,6.0,-65.0,-13.0,1.0,0,input
25920930561,tsne,5.411529541015625,-18.444931030273438,,1.0,3.0,2.0,9.0,6.0,-65.0,-13.0,1.0,0,internal
25921061385,tsne,-1.632987141609192,-15.097179412841797,,9.0,2.0,4.0,9.0,6.0,-65.0,-13.0,1.0,0,output
25921193737,tsne,2.624544858932495,6.4289703369140625,,9.0,7.0,6.0,9.0,6.0,-65.0,-13.0,1.0,0,output
25921389061,tsne,-6.667754650115967,5.36503791809082,,5.0,2.0,9.0,9.0,6.0,-65.0,-13.0,1.0,0,internal
30064771849,tsne,-1.2393947839736938,-12.142489433288574,,9.0,3.0,0.0,0.0,7.0,-65.0,-13.0,1.0,0,output
30064902662,tsne,-15.377824783325195,1.9638104438781738,,6.0,2.0,2.0,0.0,7.0,-65.0,-13.0,1.0,0,internal
30065033737,tsne,-2.789720058441162,-11.799820899963379,,9.0,2.0,4.0,0.0,7.0,-65.0,-13.0,1.0,0,output
30065099781,tsne,-14.015009880065918,4.586783409118652,,5.0,4.0,5.0,0.0,7.0,-65.0,-13.0,1.0,0,internal
30065295625,tsne,-6.141545295715332,12.901631355285645,,9.0,1.0,8.0,0.0,7.0,-65.0,-13.0,1.0,0,output
30065362441,tsne,-4.0236005783081055,14.972105979919434,,9.0,6.0,9.0,0.0,7.0,-65.0,-13.0,1.0,0,output
30081550340,tsne,14.572787284851074,0.8708617687225342,,4.0,8.0,0.0,1.0,7.0,-65.0,-13.0,1.0,0,internal
30081679881,tsne,-1.9593181610107422,-11.678162574768066,,9.0,2.0,2.0,1.0,7.0,-65.0,-13.0,1.0,0,output
30081810948,tsne,-15.651347160339355,4.409539699554443,,4.0,2.0,4.0,1.0,7.0,-65.0,-13.0,1.0,0,internal
30081943814,tsne,11.367927551269531,8.512580871582031,,6.0,9.0,6.0,1.0,7.0,-65.0,-13.0,1.0,0,internal
30082140164,tsne,12.811304092407227,10.348591804504395,,4.0,8.0,9.0,1.0,7.0,-65.0,-13.0,1.0,0,internal
30098393096,tsne,12.549057006835938,0.5753111839294434,,8.0,8.0,1.0,2.0,7.0,-65.0,-13.0,1.0,0,internal
30098589446,tsne,11.528993606567383,5.523448467254639,,6.0,7.0,4.0,2.0,7.0,-65.0,-13.0,1.0,0,internal
30098785541,tsne,-8.839569091796875,11.73708724975586,,5.0,5.0,7.0,2.0,7.0,-65.0,-13.0,1.0,0,internal
30098916361,tsne,-4.78037166595459,14.13121223449707,,9.0,4.0,9.0,2.0,7.0,-65.0,-13.0,1.0,0,output
30115168513,tsne,-20.8488826751709,-3.483952283859253,,1.0,1.0,1.0,3.0,7.0,-65.0,-13.0,1.0,0,internal
30115235588,tsne,16.20491600036621,0.5934149026870728,,4.0,7.0,2.0,3.0,7.0,-65.0,-13.0,1.0,0,internal
30115365379,tsne,-16.039621353149414,5.312888145446777,,3.0,2.0,4.0,3.0,7.0,-65.0,-13.0,1.0,0,internal
30115432200,tsne,10.0156831741333,6.252045631408691,,8.0,7.0,5.0,3.0,7.0,-65.0,-13.0,1.0,0,internal
30115563777,tsne,16.796598434448242,8.701640129089355,,1.0,9.0,7.0,3.0,7.0,-65.0,-13.0,1.0,0,internal
30115693573,tsne,-10.099194526672363,12.036947250366211,,5.0,4.0,9.0,3.0,7.0,-65.0,-13.0,1.0,0,internal
30132011521,tsne,-22.026994705200195,-3.7707009315490723,,1.0,2.0,2.0,4.0,7.0,-65.0,-13.0,1.0,0,internal
30132077064,tsne,-1.6275502443313599,-9.365106582641602,,8.0,2.0,3.0,4.0,7.0,-65.0,-13.0,1.0,0,internal
30132273413,tsne,-11.674236297607422,9.155801773071289,,5.0,1.0,6.0,4.0,7.0,-65.0,-13.0,1.0,0,internal
30132340739,tsne,16.77009391784668,9.475296020507812,,3.0,8.0,7.0,4.0,7.0,-65.0,-13.0,1.0,0,internal
30148657669,tsne,-2.680556058883667,-19.368301391601562,,5.0,2.0,0.0,5.0,7.0,-65.0,-13.0,1.0,0,internal
30148789509,tsne,17.189767837524414,-1.499931812286377,,5.0,5.0,2.0,5.0,7.0,-65.0,-13.0,1.0,0,internal
30148986625,tsne,19.419269561767578,7.550838947296143,,1.0,7.0,5.0,5.0,7.0,-65.0,-13.0,1.0,0,internal
30149117192,tsne,-4.0852203369140625,9.109355926513672,,8.0,5.0,7.0,5.0,7.0,-65.0,-13.0,1.0,0,internal
30149247749,tsne,-10.947033882141113,11.80760383605957,,5.0,3.0,9.0,5.0,7.0,-65.0,-13.0,1.0,0,internal
30165436169,tsne,17.545564651489258,-6.054806232452393,,9.0,7.0,0.0,6.0,7.0,-65.0,-13.0,1.0,0,output
30165567236,tsne,16.445802688598633,-2.4518821239471436,,4.0,7.0,2.0,6.0,7.0,-65.0,-13.0,1.0,0,internal
30165697539,tsne,7.395593643188477,-16.504703521728516,,3.0,4.0,4.0,6.0,7.0,-65.0,-13.0,1.0,0,internal
30165828867,tsne,-0.029472772032022476,10.629100799560547,,3.0,5.0,6.0,6.0,7.0,-65.0,-13.0,1.0,0,internal
30165960199,tsne,-3.1917994022369385,9.00032901763916,,7.0,6.0,8.0,6.0,7.0,-65.0,-13.0,1.0,0,internal
30182212864,tsne,10.085884094238281,-18.29633903503418,,0.0,5.0,0.0,7.0,7.0,-65.0,-13.0,1.0,0,input
30182408198,tsne,-1.1439865827560425,-17.45551872253418,,6.0,0.0,3.0,7.0,7.0,-65.0,-13.0,1.0,0,internal
30182605313,tsne,-16.292949676513672,13.352654457092285,,1.0,2.0,6.0,7.0,7.0,-65.0,-13.0,1.0,0,internal
30182737926,tsne,14.209572792053223,13.228951454162598,,6.0,8.0,8.0,7.0,7.0,-65.0,-13.0,1.0,0,internal
30199120131,tsne,2.9594674110412598,-18.323026657104492,,3.0,1.0,2.0,8.0,7.0,-65.0,-13.0,1.0,0,internal
30199187721,tsne,16.65365219116211,-5.112697124481201,,9.0,9.0,3.0,8.0,7.0,-65.0,-13.0,1.0,0,output
30199383808,tsne,20.783931732177734,10.12979507446289,,0.0,7.0,6.0,8.0,7.0,-65.0,-13.0,1.0,0,input
30215767556,tsne,18.4755802154541,-8.208649635314941,,4.0,6.0,0.0,9.0,7.0,-65.0,-13.0,1.0,0,internal
30216028163,tsne,1.9650139808654785,-18.623703002929688,,3.0,0.0,4.0,9.0,7.0,-65.0,-13.0,1.0,0,internal
30216096004,tsne,18.203533172607422,11.102028846740723,,4.0,9.0,5.0,9.0,7.0,-65.0,-13.0,1.0,0,internal
30216225795,tsne,-14.643867492675781,14.955720901489258,,3.0,4.0,7.0,9.0,7.0,-65.0,-13.0,1.0,0,internal
30216292105,tsne,2.127345085144043,7.259263515472412,,9.0,7.0,8.0,9.0,7.0,-65.0,-13.0,1.0,0,output
34359738624,tsne,-19.3226261138916,-2.3401520252227783,,0.0,1.0,0.0,0.0,8.0,-65.0,-13.0,1.0,0,input
34359869445,tsne,-16.50364875793457,1.5118060111999512,,5.0,0.0,2.0,0.0,8.0,-65.0,-13.0,1.0,0,internal
34360001284,tsne,-16.015439987182617,3.9547784328460693,,4.0,3.0,4.0,0.0,8.0,-65.0,-13.0,1.0,0,internal
34360131840,tsne,-18.521621704101562,6.80751895904541,,0.0,1.0,6.0,0.0,8.0,-65.0,-13.0,1.0,0,input
34360197635,tsne,-17.96398162841797,8.225531578063965,,3.0,2.0,7.0,0.0,8.0,-65.0,-13.0,1.0,0,internal
34360264966,tsne,11.927613258361816,9.515301704406738,,6.0,9.0,8.0,0.0,8.0,-65.0,-13.0,1.0,0,internal
34376517888,tsne,20.41403579711914,2.676501750946045,,0.0,9.0,0.0,1.0,8.0,-65.0,-13.0,1.0,0,input
34376646912,tsne,-20.213945388793945,-2.230651617050171,,0.0,1.0,2.0,1.0,8.0,-65.0,-13.0,1.0,0,input
34376778498,tsne,-17.106435775756836,5.155716896057129,,2.0,3.0,4.0,1.0,8.0,-65.0,-13.0,1.0,0,internal
34376845575,tsne,11.078243255615234,7.918816566467285,,7.0,9.0,5.0,1.0,8.0,-65.0,-13.0,1.0,0,internal
34376911110,tsne,11.908431053161621,8.341329574584961,,6.0,9.0,6.0,1.0,8.0,-65.0,-13.0,1.0,0,internal
34377041664,tsne,15.743460655212402,8.59330940246582,,0.0,7.0,8.0,1.0,8.0,-65.0,-13.0,1.0,0,input
34393292804,tsne,-17.738378524780273,0.265328973531723,,4.0,0.0,0.0,2.0,8.0,-65.0,-13.0,1.0,0,internal
34393295111,tsne,13.053468704223633,0.44306933879852295,,7.0,9.0,0.0,2.0,8.0,-65.0,-13.0,1.0,0,internal
34393490946,tsne,18.026029586791992,2.1084280014038086,,2.0,6.0,3.0,2.0,8.0,-65.0,-13.0,1.0,0,internal
34393621249,tsne,-17.5322265625,6.014403820037842,,1.0,3.0,5.0,2.0,8.0,-65.0,-13.0,1.0,0,internal
34393752321,tsne,-17.741559982299805,7.204747200012207,,1.0,3.0,7.0,2.0,8.0,-65.0,-13.0,1.0,0,internal
34393882626,tsne,-17.861480712890625,9.843729972839355,,2.0,0.0,9.0,2.0,8.0,-65.0,-13.0,1.0,0,internal
34410136328,tsne,0.025666378438472748,-11.428380012512207,,8.0,3.0,1.0,3.0,8.0,-65.0,-13.0,1.0,0,internal
34410202372,tsne,17.372943878173828,0.3994866609573364,,4.0,5.0,2.0,3.0,8.0,-65.0,-13.0,1.0,0,internal
34410334468,tsne,16.7265567779541,5.290720462799072,,4.0,9.0,4.0,3.0,8.0,-65.0,-13.0,1.0,0,internal
34410529542,tsne,-10.090961456298828,10.278463363647461,,6.0,3.0,7.0,3.0,8.0,-65.0,-13.0,1.0,0,internal
34410660101,tsne,-12.222825050354004,10.594986915588379,,5.0,1.0,9.0,3.0,8.0,-65.0,-13.0,1.0,0,internal
34426849536,tsne,21.050661087036133,3.4904370307922363,,0.0,9.0,0.0,4.0,8.0,-65.0,-13.0,1.0,0,input
34427045380,tsne,17.02047348022461,0.17225635051727295,,4.0,6.0,3.0,4.0,8.0,-65.0,-13.0,1.0,0,internal
34427111685,tsne,16.290502548217773,4.923866271972656,,5.0,9.0,4.0,4.0,8.0,-65.0,-13.0,1.0,0,internal
34427306502,tsne,-10.863779067993164,9.842309951782227,,6.0,2.0,7.0,4.0,8.0,-65.0,-13.0,1.0,0,internal
34427437312,tsne,-17.699657440185547,11.379443168640137,,0.0,1.0,9.0,4.0,8.0,-65.0,-13.0,1.0,0,input
34443625732,tsne,21.456180572509766,-5.271584987640381,,4.0,5.0,0.0,5.0,8.0,-65.0,-13.0,1.0,0,internal
34443755776,tsne,-23.492761611938477,-3.661463737487793,,0.0,1.0,2.0,5.0,8.0,-65.0,-13.0,1.0,0,input
34443822855,tsne,18.030067443847656,-3.0073354244232178,,7.0,7.0,3.0,5.0,8.0,-65.0,-13.0,1.0,0,internal
34443954181,tsne,15.709818840026855,4.866710186004639,,5.0,8.0,5.0,5.0,8.0,-65.0,-13.0,1.0,0,internal
34444083712,tsne,-17.0296630859375,12.189614295959473,,0.0,2.0,7.0,5.0,8.0,-65.0,-13.0,1.0,0,input
34444150789,tsne,16.079792022705078,13.47683048248291,,5.0,8.0,8.0,5.0,8.0,-65.0,-13.0,1.0,0,internal
34460402688,tsne,9.544721603393555,-18.82221221923828,,0.0,4.0,0.0,6.0,8.0,-65.0,-13.0,1.0,0,input
34460532992,tsne,-24.01472282409668,-3.9640467166900635,,0.0,1.0,2.0,6.0,8.0,-65.0,-13.0,1.0,0,input
34460599297,tsne,8.156946182250977,-17.3806095123291,,1.0,4.0,3.0,6.0,8.0,-65.0,-13.0,1.0,0,internal
34460729603,tsne,-14.897520065307617,11.146647453308105,,3.0,1.0,5.0,6.0,8.0,-65.0,-13.0,1.0,0,internal
34460861447,tsne,-4.994487285614014,8.773794174194336,,7.0,4.0,7.0,6.0,8.0,-65.0,-13.0,1.0,0,internal
34460993536,tsne,21.35345458984375,12.154712677001953,,0.0,8.0,9.0,6.0,8.0,-65.0,-13.0,1.0,0,input
34477245701,tsne,20.046926498413086,-5.202923774719238,,5.0,5.0,1.0,7.0,8.0,-65.0,-13.0,1.0,0,internal
34477311750,tsne,18.62196922302246,-3.9380922317504883,,6.0,7.0,2.0,7.0,8.0,-65.0,-13.0,1.0,0,internal
34477442309,tsne,19.53590965270996,-2.3452870845794678,,5.0,5.0,4.0,7.0,8.0,-65.0,-13.0,1.0,0,internal
34477574150,tsne,15.324607849121094,12.14692497253418,,6.0,8.0,6.0,7.0,8.0,-65.0,-13.0,1.0,0,internal
34477771009,tsne,21.17121124267578,11.923789978027344,,1.0,9.0,9.0,7.0,8.0,-65.0,-13.0,1.0,0,internal
34494088448,tsne,9.655854225158691,-17.563066482543945,,0.0,5.0,2.0,8.0,8.0,-65.0,-13.0,1.0,0,input
34494220033,tsne,20.55820655822754,8.90230941772461,,1.0,7.0,4.0,8.0,8.0,-65.0,-13.0,1.0,0,internal
34494351106,tsne,19.949459075927734,10.244616508483887,,2.0,7.0,6.0,8.0,8.0,-65.0,-13.0,1.0,0,internal
34494481160,tsne,-5.273228168487549,7.527092456817627,,8.0,3.0,8.0,8.0,8.0,-65.0,-13.0,1.0,0,internal
34510734593,tsne,10.785136222839355,-18.0173282623291,,1.0,5.0,0.0,9.0,8.0,-65.0,-13.0,1.0,0,internal
34510864898,tsne,4.0140180587768555,-18.683488845825195,,2.0,2.0,2.0,9.0,8.0,-65.0,-13.0,1.0,0,internal
34510995715,tsne,2.5108227729797363,-19.056713104248047,,3.0,1.0,4.0,9.0,8.0,-65.0,-13.0,1.0,0,internal
34511063299,tsne,18.659475326538086,10.821301460266113,,3.0,9.0,5.0,9.0,8.0,-65.0,-13.0,1.0,0,internal
34511258625,tsne,-15.236926078796387,14.818038940429688,,1.0,4.0,8.0,9.0,8.0,-65.0,-13.0,1.0,0,internal
38654705925,tsne,-17.231624603271484,1.0995604991912842,,5.0,1.0,0.0,0.0,9.0,-65.0,-13.0,1.0,0,internal
38654836996,tsne,-17.10797119140625,1.9877355098724365,,4.0,1.0,2.0,0.0,9.0,-65.0,-13.0,1.0,0,internal
38655033351,tsne,-13.34738826751709,7.259912490844727,,7.0,0.0,5.0,0.0,9.0,-65.0,-13.0,1.0,0,internal
38655035651,tsne,14.691293716430664,7.0162458419799805,,3.0,9.0,5.0,0.0,9.0,-65.0,-13.0,1.0,0,internal
38655164931,tsne,-17.209644317626953,8.246705055236816,,3.0,2.0,7.0,0.0,9.0,-65.0,-13.0,1.0,0,internal
38655230727,tsne,-7.209935665130615,13.834424018859863,,7.0,3.0,8.0,0.0,9.0,-65.0,-13.0,1.0,0,internal
38671483904,tsne,-19.6221866607666,-1.3754212856292725,,0.0,4.0,0.0,1.0,9.0,-65.0,-13.0,1.0,0,input
38671614468,tsne,-17.014341354370117,2.513355255126953,,4.0,2.0,2.0,1.0,9.0,-65.0,-13.0,1.0,0,internal
38671810562,tsne,-16.440210342407227,7.192541122436523,,2.0,0.0,5.0,1.0,9.0,-65.0,-13.0,1.0,0,internal
38671941893,tsne,-14.288789749145508,8.408402442932129,,5.0,1.0,7.0,1.0,9.0,-65.0,-13.0,1.0,0,internal
38672009479,tsne,11.302278518676758,9.635579109191895,,7.0,9.0,8.0,1.0,9.0,-65.0,-13.0,1.0,0,internal
38688327937,tsne,19.93852996826172,3.2938170433044434,,1.0,9.0,1.0,2.0,9.0,-65.0,-13.0,1.0,0,internal
38688458753,tsne,18.982120513916016,3.6301205158233643,,1.0,8.0,3.0,2.0,9.0,-65.0,-13.0,1.0,0,internal
38688588290,tsne,-16.860431671142578,6.394118309020996,,2.0,2.0,5.0,2.0,9.0,-65.0,-13.0,1.0,0,internal
38688655107,tsne,15.760889053344727,7.22892427444458,,3.0,7.0,6.0,2.0,9.0,-65.0,-13.0,1.0,0,internal
38688785928,tsne,-5.254270553588867,15.451452255249023,,8.0,6.0,8.0,2.0,9.0,-65.0,-13.0,1.0,0,internal
38705039624,tsne,13.188821792602539,0.021777719259262085,,8.0,9.0,0.0,3.0,9.0,-65.0,-13.0,1.0,0,internal
38705169673,tsne,1.0865561962127686,-11.22824764251709,,9.0,5.0,2.0,3.0,9.0,-65.0,-13.0,1.0,0,output
38705365254,tsne,-12.544539451599121,8.529253959655762,,6.0,1.0,5.0,3.0,9.0,-65.0,-13.0,1.0,0,internal
38705367305,tsne,10.350810050964355,7.310142993927002,,9.0,9.0,5.0,3.0,9.0,-65.0,-13.0,1.0,0,output
38705497097,tsne,-5.976734161376953,14.892096519470215,,9.0,4.0,7.0,3.0,9.0,-65.0,-13.0,1.0,0,output
38721816577,tsne,20.726978302001953,3.814666509628296,,1.0,8.0,0.0,4.0,9.0,-65.0,-13.0,1.0,0,internal
38721946368,tsne,-22.85480308532715,-2.3804328441619873,,0.0,3.0,2.0,4.0,9.0,-65.0,-13.0,1.0,0,input
38722013443,tsne,17.838905334472656,4.74314546585083,,3.0,9.0,3.0,4.0,9.0,-65.0,-13.0,1.0,0,internal
38722207747,tsne,-14.973898887634277,9.932649612426758,,3.0,0.0,6.0,4.0,9.0,-65.0,-13.0,1.0,0,internal
38722274309,tsne,-10.237792015075684,10.935572624206543,,5.0,4.0,7.0,4.0,9.0,-65.0,-13.0,1.0,0,internal
38722340615,tsne,16.228796005249023,14.948620796203613,,7.0,7.0,8.0,4.0,9.0,-65.0,-13.0,1.0,0,internal
38738592006,tsne,-1.7806293964385986,-19.670150756835938,,6.0,1.0,0.0,5.0,9.0,-65.0,-13.0,1.0,0,internal
38738658313,tsne,1.2171976566314697,-11.75146770477295,,9.0,4.0,1.0,5.0,9.0,-65.0,-13.0,1.0,0,output
38738790400,tsne,20.3044376373291,5.50895881652832,,0.0,8.0,3.0,5.0,9.0,-65.0,-13.0,1.0,0,input
38738987266,tsne,18.143770217895508,8.363813400268555,,2.0,9.0,6.0,5.0,9.0,-65.0,-13.0,1.0,0,internal
38739182852,tsne,-11.093921661376953,12.942872047424316,,4.0,5.0,9.0,5.0,9.0,-65.0,-13.0,1.0,0,internal
38755436551,tsne,17.934926986694336,-4.324496746063232,,7.0,8.0,1.0,6.0,9.0,-65.0,-13.0,1.0,0,internal
38755567616,tsne,20.500717163085938,5.940438270568848,,0.0,8.0,3.0,6.0,9.0,-65.0,-13.0,1.0,0,input
38755698180,tsne,16.232099533081055,3.088006019592285,,4.0,6.0,5.0,6.0,9.0,-65.0,-13.0,1.0,0,internal
38755830020,tsne,17.049104690551758,12.373832702636719,,4.0,9.0,7.0,6.0,9.0,-65.0,-13.0,1.0,0,internal
38772147204,tsne,20.803905487060547,-5.797537803649902,,4.0,4.0,0.0,7.0,9.0,-65.0,-13.0,1.0,0,internal
38772277253,tsne,-0.4355415403842926,-18.819883346557617,,5.0,0.0,2.0,7.0,9.0,-65.0,-13.0,1.0,0,internal
38772279560,tsne,17.492158889770508,-4.661280632019043,,8.0,9.0,2.0,7.0,9.0,-65.0,-13.0,1.0,0,internal
38772409608,tsne,20.548561096191406,-2.2767601013183594,,8.0,5.0,4.0,7.0,9.0,-65.0,-13.0,1.0,0,internal
38772605698,tsne,-15.153040885925293,13.6268949508667,,2.0,3.0,7.0,7.0,9.0,-65.0,-13.0,1.0,0,internal
38788923392,tsne,-25.16568374633789,-4.594596862792969,,0.0,0.0,0.0,8.0,9.0,-65.0,-13.0,1.0,0,input
38789055493,tsne,20.38971710205078,-4.5741119384765625,,5.0,4.0,2.0,8.0,9.0,-65.0,-13.0,1.0,0,internal
38789186051,tsne,3.0964882373809814,-19.49746322631836,,3.0,2.0,4.0,8.0,9.0,-65.0,-13.0,1.0,0,internal
38789316615,tsne,0.7632296085357666,-15.672969818115234,,7.0,0.0,6.0,8.0,9.0,-65.0,-13.0,1.0,0,internal
38789513477,tsne,-7.4421467781066895,6.500397205352783,,5.0,1.0,9.0,8.0,9.0,-65.0,-13.0,1.0,0,internal
38805701896,tsne,19.297100067138672,-6.480334758758545,,8.0,5.0,0.0,9.0,9.0,-65.0,-13.0,1.0,0,internal
38805897736,tsne,-0.46733349561691284,-15.640361785888672,,8.0,2.0,3.0,9.0,9.0,-65.0,-13.0,1.0,0,internal
38805964294,tsne,20.43702507019043,-2.9435677528381348,,6.0,6.0,4.0,9.0,9.0,-65.0,-13.0,1.0,0,internal
38806095878,tsne,16.07329559326172,11.720115661621094,,6.0,8.0,6.0,9.0,9.0,-65.0,-13.0,1.0,0,internal
38806292743,tsne,14.87454891204834,14.132284164428711,,7.0,9.0,9.0,9.0,9.0,-65.0,-13.0,1.0,0,internal
